application_id,applicant_name,dob,age,pan,bank_account,phone,email,monthly_income,requested_amount
A0001,Rohan Patel,2006-10-08,19,AAMAO0571F,82763798191,9362971988,user1@mail.example,25624.0,15800.0
A0002,Nikhil Das,2007-03-15,19,WNQFS1653Y,77788987283,9255272332,user2@mail.example,10792.0,53500.0
A0003,Sana Gupta,1998-01-27,28,CFXXF2425Z,76711395464,9812979566,user3@mail.example,29349.0,34400.0
A0004,Tara Sharma,2005-11-13,20,NSRPU1635G,71354206132,9140943598,user4@mail.example,32011.0,187500.0
A0005,Meera Patel,1995-04-28,31,DMABH2878V,58901832414,9917515890,user5@mail.example,24142.0,40400.0
A0006,Dev Singh,1999-03-02,27,ZIXVP5244U,40836094030,9542601250,user6@mail.example,30720.0,67100.0
A0007,Arjun Sharma,2004-04-28,22,CXEIW9804C,26187767461,9339265052,user7@mail.example,33153.0,123300.0
A0008,Arjun Patel,1998-05-11,28,LXEMN0179P,87736781756,9373171866,user8@mail.example,20229.0,44400.0
A0009,Nikhil Singh,2004-11-30,21,LSVRY0414V,46827045579,9831366303,user9@mail.example,14708.0,38000.0
A0010,Divya Gupta,2002-10-06,23,QYXPR5658Z,68518690536,9446755322,user10@mail.example,26009.0,27900.0
A0011,Zoya Khan,2000-05-12,26,ENWVK1402I,16145141266,9411377746,user11@mail.example,26100.0,68900.0
A0012,Rohan Nair,1997-11-30,28,XHLEW4752I,42479170071,9408603055,user12@mail.example,24826.0,15900.0
A0013,Meera Gupta,2004-11-29,21,CQLWY7112D,19037409812,9758926539,user13@mail.example,36885.0,63900.0
A0014,Divya Iyer,2001-11-14,24,QWZIC2096C,41907999228,9419196174,user14@mail.example,43530.0,239500.0
A0015,Zoya Patel,2005-11-27,20,QOLYE6864Y,75991267023,9759618440,user15@mail.example,24250.0,49600.0
A0016,Ananya Bose,2006-01-09,20,IOCJL7308M,40702819996,9866002510,user16@mail.example,34290.0,68200.0
A0017,Priya Gupta,2004-05-22,22,UMFQD2727X,71396860986,9877103484,user17@mail.example,36468.0,154500.0
A0018,Meera Nair,2002-11-03,23,WVHRC7645J,40836094030,9361386464,user18@mail.example,34418.0,184300.0
A0019,Divya Rao,1994-04-28,32,EYMER2776R,44647426686,9759406449,user19@mail.example,37427.0,79600.0
A0020,Zoya Nair,2002-02-11,24,YJJEV3594B,46907162383,9219383519,user20@mail.example,24497.0,63000.0
A0021,Divya Singh,2005-09-13,20,LXCGY1805C,55814220916,9343958919,user21@mail.example,34658.0,153600.0
A0022,Rohan Iyer,1994-01-07,32,TBZWY7021T,30555153924,9639557445,user22@mail.example,46220.0,224500.0
A0023,Kabir Nair,1999-03-31,27,DXXZQ5527E,72880975702,9954725117,user23@mail.example,35233.0,136600.0
A0024,Zoya Das,2006-06-07,20,DQWSK6346I,89407817254,9732921556,user24@mail.example,22421.0,33300.0
A0025,Divya Khan,2006-04-09,20,ANYAG0186K,83136698019,9485957843,user25@mail.example,33469.0,50000.0
A0026,Rahul Nair,2006-01-10,20,GEPWT8820Y,12778886744,9317919503,user26@mail.example,39361.0,183800.0
A0027,Tara Iyer,1993-10-13,32,VVBYC6362Z,53930223921,9424644532,user27@mail.example,31321.0,137400.0
A0028,Sana Rao,1998-10-24,27,TTPHC6424B,40960537165,9956378454,user28@mail.example,22929.0,124500.0
A0029,Rahul Rao,1997-04-23,29,NTEFX7897S,61555906989,9799630351,user29@mail.example,41888.0,200600.0
A0030,Divya Patel,1992-11-26,33,MYAGO0434L,17496114087,9942038543,user30@mail.example,16752.0,47200.0
A0031,Nikhil Das,2010-04-16,16,NBEGY3066Q,75667488261,9433068272,user31@mail.example,32531.0,40100.0
A0032,Vikram Iyer,1993-10-28,32,IHSVE1663L,47509907392,9559186846,user32@mail.example,27854.0,150300.0
A0033,Aarav Sharma,2001-01-27,25,MPRYX1149F,94951828606,9480371809,user33@mail.example,17257.0,74600.0
A0034,Divya Rao,1986-06-05,25,CYEQF2025E,11716783255,9833109530,user34@mail.example,38975.0,143000.0
A0035,Kabir Das,1995-02-20,31,YBWFA2233J,47596921826,9967907328,user35@mail.example,31131.0,132300.0
A0036,Priya Patel,2005-10-04,20,MPQOJ3146E,53803008759,9551971260,user36@mail.example,17499.0,45800.0
A0037,Zoya Gupta,1996-01-20,30,KCLGQ1707P,84797491565,9415399182,user37@mail.example,33416.0,79800.0
A0038,Isha Iyer,1995-05-24,31,MLWKS1040F,78074847934,9221526147,user38@mail.example,24116.0,88400.0
A0039,Sana Singh,1993-01-25,33,PAZBR4357U,26381972118,9618794762,user39@mail.example,10875.0,34300.0
A0040,Divya Iyer,1996-10-06,29,JZRBC2922G,37696110962,9882151754,user40@mail.example,21800.0,95900.0
A0041,Sana Sharma,1999-10-19,26,WRUOD5166R,76219570824,9101255724,user41@mail.example,30372.0,171600.0
A0042,Rohan Iyer,2005-03-06,21,DQWSK6346I,47773616808,9347693635,user42@mail.example,33721.0,174000.0
A0043,Meera Khan,1995-10-05,30,QOAZH9773A,33674243664,9462710026,user43@mail.example,29490.0,77600.0
A0044,Tara Das,2001-05-29,25,PSTVS2133D,93758522786,9268789818,user44@mail.example,28406.0,72400.0
A0045,Ananya Singh,1994-11-13,31,ABC123,85882451058,9837261636,user45@mail.example,32230.0,180400.0
A0046,Vikram Gupta,2006-12-22,19,12345XYZ9,41984987977,9336083046,user46@mail.example,26101.0,69700.0
A0047,Tara Khan,2002-06-23,24,HTTHA4173X,59458457024,9555839944,user47@mail.example,38593.0,189200.0
A0048,Rahul Sharma,1995-02-09,31,EGPGV4301U,93627292989,9827608281,user48@mail.example,29338.0,29600.0
A0049,Kabir Patel,1998-03-03,28,FYIGL7012I,29490164392,9815312834,user49@mail.example,30645.0,91400.0
A0050,Aarav Singh,1997-02-17,29,DUNYC7644O,91822312293,9984035456,user50@mail.example,32867.0,109800.0
A0051,Isha Das,1999-04-09,27,TOCJL3494I,89602525363,9202543176,user51@mail.example,18485.0,91500.0
A0052,Zoya Gupta,1994-10-13,31,SCMZK0417C,75383997057,9202543176,user52@mail.example,21617.0,115200.0
A0053,Zoya Sharma,1994-10-21,31,YHHWG9718D,71745406036,9202543176,user53@mail.example,41757.0,55900.0
A0054,Meera Sharma,1996-05-15,30,JMWPW9484F,71652412266,9873753069,user54@mail.example,31018.0,120800.0
A0055,Priya Rao,1997-11-09,28,THYSN3059Q,58979560471,9315617694,user55@mail.example,25456.0,100800.0
A0056,Isha Nair,2002-12-22,23,YDJVS5714S,62405980777,9753948000,user56@mail.example,31073.0,41400.0
A0057,Aarav Khan,2006-05-01,20,JFIWF3286B,27760318174,9819045592,user57@mail.example,23665.0,120300.0
A0058,Rahul Khan,1996-02-22,30,CPBUL6192Q,60634689910,9313667467,user58@mail.example,30507.0,108100.0
A0059,Kabir Sharma,2002-04-03,24,ZHHVO2674A,70564500903,9415384389,user59@mail.example,22007.0,127400.0
A0060,Nikhil Patel,2004-01-19,22,WEAYG0365E,53698881227,9850206361,user60@mail.example,30484.0,46500.0
A0061,Meera Sharma,2007-05-17,19,JLMJQ3947K,71135616641,9838790304,user61@mail.example,13801.0,414030.0
A0062,Aarav Rao,2005-01-27,21,WNPHP6631K,51237445457,9749844351,user62@mail.example,39978.0,91100.0
A0063,Aarav Das,2007-05-21,19,MVHNC7459E,82313577524,9466297770,user63@mail.example,23383.0,94300.0
A0064,Dev Patel,2002-05-16,24,XJPSL1977G,74880381623,9809819875,user64@mail.example,13769.0,52900.0
A0065,Vikram Bose,2002-10-13,23,RXWTV7994J,18013995929,9312255791,user65@mail.example,25985.0,86200.0
A0066,Divya Patel,2000-01-24,26,FXLQW8195G,79237906823,9775979976,user66@mail.example,24661.0,56400.0
A0067,Rahul Sharma,1999-03-31,27,YVAOA2187Q,35632363789,9129776678,user67@mail.example,29372.0,96100.0
A0068,Rohan Nair,2002-10-10,23,JPBDR2048S,17328661772,9742670799,user68@mail.example,17693.0,45100.0
A0069,Zoya Rao,1999-03-17,27,FAAHB7686B,20910008997,9666592063,user69@mail.example,31577.0,170500.0
A0070,Tara Sharma,1998-05-05,28,FQNPU6515O,39159188999,9572461808,user70@mail.example,60612.0,184200.0
A0071,Dev Rao,1996-09-29,29,HDZXR7466M,,9669282942,user71@mail.example,16492.0,51400.0
A0072,Arjun Patel,1998-06-22,28,OSILP8507K,39718318236,,user72@mail.example,31039.0,59700.0
A0073,Vikram Sharma,2006-09-16,19,BDCDV0453S,28309926918,9101076647,user73@mail.example,25204.0,47800.0
A0074,Tara Sharma,2004-06-05,22,EFGNQ5916P,79230408488,9714069079,user74@mail.example,29733.0,170900.0
A0075,Ananya Iyer,1995-10-28,30,DPCVB0951E,43639946301,9124433222,user75@mail.example,11694.0,26000.0
A0076,Divya Bose,1998-02-08,28,KVCEK2266C,88652309331,9944600351,user76@mail.example,17641.0,93100.0
A0077,Vikram Das,2003-05-19,23,OBSCL3898T,32004971366,9136771371,user77@mail.example,32137.0,121200.0
A0078,Kabir Rao,2001-09-06,24,TMHWT2582G,72090236681,9125988630,user78@mail.example,27654.0,163000.0
A0079,Divya Iyer,1994-02-17,32,WHDMO0749Y,42172312883,9257594844,user79@mail.example,42717.0,59900.0
A0080,Priya Khan,1996-06-12,30,LQPXV3931B,86474653794,9223660871,user80@mail.example,21657.0,123000.0
A0081,Meera Iyer,2001-11-21,24,QUWOO5782D,68175877837,9338129277,user81@mail.example,29570.0,140400.0
A0082,Dev Singh,2002-09-01,23,BMWHH9947O,71073529390,9151985741,user82@mail.example,54218.0,196500.0
A0083,Ananya Singh,2006-05-10,20,COAXU6013Z,18357310545,9640364485,user83@mail.example,21110.0,92900.0
A0084,Arjun Khan,1996-01-17,30,ZJGHR2466O,77623303539,9492884235,user84@mail.example,19865.0,88900.0
A0085,Rahul Das,1997-09-20,28,MNUQO5505K,41897902918,9733238407,user85@mail.example,27684.0,82100.0
A0086,Nikhil Khan,2001-05-20,25,IVQJC8080M,76617356636,9446299393,user86@mail.example,27599.0,110100.0
A0087,Divya Bose,1996-11-01,29,ULRFE5680T,86068356939,9770724011,user87@mail.example,35598.0,62500.0
A0088,Rahul Sharma,1999-02-20,27,RSDTH5576B,21016001979,9883149580,user88@mail.example,29166.0,18000.0
A0089,Isha Sharma,2000-06-09,26,DPYCE2293S,11380919130,9159787751,user89@mail.example,21189.0,89400.0
A0090,Arjun Das,1997-04-24,29,LULXA5693Y,78215949340,9771402031,user90@mail.example,29903.0,93000.0
A0091,Divya Iyer,1995-10-12,30,TFEPC2221N,97167681752,9280460400,user91@mail.example,51747.0,283600.0
A0092,Rohan Rao,1999-11-24,26,PXJGI5811M,91034272284,9197073900,user92@mail.example,39446.0,77000.0
A0093,Kabir Bose,2000-10-03,25,APTPN6884N,49198863290,9944191063,user93@mail.example,8000.0,40000.0
A0094,Kabir Nair,2004-01-15,22,GDCKG6753I,85026956043,9947478764,user94@mail.example,26722.0,158300.0
A0095,Isha Gupta,2003-05-17,23,OPTKJ3112R,12116030551,9117107869,user95@mail.example,20124.0,109500.0
A0096,Rahul Gupta,1993-03-31,33,CQPFC3395N,15265425380,9980890298,user96@mail.example,33600.0,195000.0
A0097,Rahul Bose,2005-03-28,21,GRQQK1597M,62331762097,9850225469,user97@mail.example,26441.0,36400.0
A0098,Sana Singh,2006-04-10,20,JVYAC4575R,57478667375,9454828356,user98@mail.example,45394.0,63900.0
A0099,Meera Patel,1998-06-01,28,DLLPU3936C,84239359147,9100527195,user99@mail.example,36381.0,63900.0
A0100,Arjun Gupta,2002-10-08,23,DROYA9390W,31010673576,9671344716,user100@mail.example,36014.0,89600.0
A0101,Rohan Patel,2006-05-28,20,TUDJD5372K,51640065217,9991002464,user101@mail.example,29679.0,33700.0
A0102,Vikram Das,1998-11-08,27,NUZWB4664H,99055039778,9812984946,user102@mail.example,27637.0,36700.0
A0103,Meera Bose,1995-11-24,30,QKLUU7299H,37249570546,9125681810,user103@mail.example,31062.0,18700.0
A0104,Vikram Rao,2007-02-15,19,LLAOQ0001K,46400920375,9647874654,user104@mail.example,39658.0,223400.0
A0105,Rohan Bose,1999-12-21,26,FDYQY4448B,64677407691,9449572384,user105@mail.example,32810.0,81600.0
A0106,Arjun Sharma,2005-02-24,21,HBGQN6006G,99559054145,9685747908,user106@mail.example,24840.0,97900.0
A0107,Isha Khan,1999-01-19,27,IKFYT4777Q,26446936703,9257669369,user107@mail.example,39476.0,118400.0
A0108,Vikram Patel,1995-11-17,30,GSNBX7335W,72187325733,9653024106,user108@mail.example,29729.0,136400.0
A0109,Arjun Singh,1995-02-08,31,ZRWXI7565K,47277591980,9131107149,user109@mail.example,27301.0,134700.0
A0110,Rohan Patel,1995-09-08,30,RXLZD8875T,46065610749,9468757437,user110@mail.example,20878.0,54400.0
A0111,Divya Iyer,2002-10-17,23,AQWZC3209P,33113326481,9689304893,user111@mail.example,22906.0,78900.0
A0112,Zoya Khan,1998-06-02,28,WHFVY0354Z,51887842431,9195156975,user112@mail.example,22276.0,23100.0
A0113,Nikhil Sharma,1997-09-27,28,RBLIL9981T,61732913426,9295975576,user113@mail.example,8000.0,16600.0
A0114,Vikram Rao,1994-05-09,32,ZVRSD1427A,45302173175,9193816167,user114@mail.example,37152.0,64100.0
A0115,Ananya Gupta,1997-04-23,29,SGLYZ8048A,55513561137,9477574487,user115@mail.example,33098.0,72700.0
A0116,Priya Patel,1996-03-09,30,LYTBX2509H,67239989309,9703936211,user116@mail.example,26072.0,59600.0
A0117,Aarav Das,2005-10-24,20,CWNHE3286K,86656535000,9313907871,user117@mail.example,37414.0,137000.0
A0118,Arjun Sharma,2003-01-24,23,BBERO9833A,60493909677,9897698467,user118@mail.example,31942.0,74400.0
A0119,Priya Gupta,2001-11-11,24,AOCEX7486N,44431115597,9881197563,user119@mail.example,31344.0,72000.0
A0120,Ananya Iyer,1998-06-04,28,DQFXG0260P,96534891838,9350917290,user120@mail.example,8000.0,40600.0
